Study_Hours_per_Week,Attendance_Rate,Past_Exam_Scores,Parental_Education_Level,Internet_Access_at_Home,Extracurricular_Activities,Final_Exam_Score
31,68.26784098370288,86,0,1,1,63
16,78.22292712613206,73,3,0,0,50
21,87.52509623826568,74,3,1,0,55
27,92.07648301550216,99,1,0,0,65
37,98.65551746350522,63,2,0,1,70
30,84.15919282227406,77,2,1,0,61
24,89.38949443572463,95,0,1,1,61
31,50.68359824134986,78,2,0,0,50
34,80.8631856048646,94,3,0,1,65
27,65.49684631343055,86,0,1,0,55
35,69.83246865260271,58,0,1,1,57
11,92.10457075093548,95,2,1,0,62
25,78.88159770457736,81,0,0,0,59
18,66.60732063274695,64,0,0,0,50
12,62.21765777323273,62,2,1,0,50
34,55.03973015079433,71,0,1,1,50
32,93.0316008945367,78,1,1,1,77
24,71.08519672766408,81,2,1,1,56
37,97.70434682698166,55,0,1,1,58
39,85.19730675692547,62,3,1,0,57
27,92.07648301550216,99,1,0,0,65
14,80.09676977704801,79,0,0,1,55
36,97.22048627886367,93,2,1,1,65
27,93.82220379376469,57,0,1,0,57
20,89.07572408757075,92,1,1,1,62
26,70.01502444551407,69,1,0,0,50
27,99.0288400089994,85,0,1,1,64
38,78.98249672358692,96,2,0,0,71
32,68.89252746378932,66,3,1,1,58
27,79.25747661627359,67,2,1,1,50
39,50.91212407141805,52,1,0,1,50
14,78.799920890283,91,3,0,1,61
15,77.8360792391683,95,2,0,1,61
28,96.20208795537168,83,0,0,1,67
20,59.2231435709428,96,1,0,1,64
37,93.05340099873608,81,1,0,1,61
29,68.86429826210363,92,0,0,0,64
14,84.35827527016656,94,0,1,1,59
28,90.26574836789526,74,3,0,1,64
13,73.71186543501848,77,3,1,1,55
32,88.44588706576988,78,0,0,1,56
37,81.96806784871211,67,1,0,1,56
29,68.86429826210363,92,0,0,0,64
21,65.80982911482474,92,1,1,0,65
23,86.60922892295312,79,0,1,0,55
35,70.3196154136761,85,3,0,0,59
22,60.08652311651179,78,2,0,1,50
35,66.64078929562422,78,2,1,1,54
16,85.92286354182768,83,3,1,0,55
20,89.07572408757075,92,1,1,1,62
37,76.48308393275406,82,0,0,1,63
19,90.81928676065311,88,3,1,1,56
33,77.43015589690766,94,1,1,1,58
37,89.82358878369386,84,0,0,1,68
21,80.15987010884898,63,0,1,0,50
12,88.69172616006702,80,3,0,1,50
10,91.25663383463989,85,1,1,1,63
29,62.69442820216521,56,2,1,1,54
22,92.40640477334418,51,1,1,0,53
37,66.79329285749175,70,1,0,1,55
35,95.5312001770152,66,0,1,0,65
39,81.66203874554803,97,1,1,1,66
36,60.25226642532625,80,1,0,0,50
15,91.85394953515149,93,1,0,1,67
39,81.66203874554803,97,1,1,1,66
22,93.41505535177934,88,0,0,0,63
37,86.07664305609528,60,1,1,0,51
35,87.08434721143328,73,2,0,1,60
15,56.43741991498219,58,1,1,1,50
17,54.55010455256652,91,3,0,0,50
26,80.30509405279193,62,0,0,0,56
35,59.1141939237979,55,3,0,0,57
26,59.80565498467264,52,0,0,1,50
16,60.634039217061314,76,1,0,0,50
24,73.66050590406667,68,0,1,0,57
34,76.82406757422973,55,0,1,0,50
32,62.4113221378576,60,0,0,1,50
27,96.64690335499772,65,1,0,0,63
34,98.7273632599435,94,1,0,1,66
29,84.88337868484659,54,2,1,1,50
35,98.75335814725712,89,1,1,0,71
20,97.93135886566102,95,1,0,1,61
38,94.98236985725062,84,3,1,0,71
30,80.52023335039789,52,3,1,0,59
37,86.02580306957324,57,3,0,0,60
23,65.72982784047055,91,1,0,0,58
35,76.8631708357035,79,3,1,1,57
11,54.36450897948377,62,0,0,1,50
30,74.2389183575173,71,0,1,1,60
15,79.37268021170371,83,0,1,0,61
15,77.8360792391683,95,2,0,1,61
28,90.26574836789526,74,3,0,1,64
16,54.346250747517466,87,0,0,0,50
33,60.22722965847316,83,3,0,0,56
25,86.14480483108878,54,2,0,1,50
19,56.69260594003166,72,1,1,1,50
25,77.37231534495558,79,2,0,0,57
21,74.91238489244701,96,0,0,0,61
10,67.25960724406377,96,2,0,1,64
13,99.02313625461888,91,3,1,1,55
23,87.49553747349859,88,1,1,0,57
21,77.43576546037043,97,1,1,0,52
28,87.21248259216443,75,1,0,0,65
32,71.10180297753436,88,2,1,1,51
34,67.69356882806247,75,1,0,0,56
17,76.71731375147316,79,0,0,0,50
13,78.47217588817502,52,2,0,1,50
39,81.66203874554803,97,1,1,1,66
19,96.60071711284672,54,1,0,0,52
19,87.95179227694248,100,0,0,0,64
24,62.53653302807989,82,3,1,1,52
21,95.86978065427658,58,1,1,1,66
14,94.87152049094422,74,2,1,1,63
33,91.33994139045392,53,3,0,0,50
14,52.78267446784877,77,3,0,1,50
31,68.26784098370288,86,0,1,1,63
12,88.59409902991226,77,0,1,1,50
26,63.32491966854411,62,1,1,1,50
33,95.65828761288212,84,2,1,1,61
14,78.799920890283,91,3,0,1,61
14,54.33526059310918,61,1,0,1,50
37,61.36978104385563,100,0,1,0,66
32,76.18011380075056,81,1,0,0,56
20,89.07572408757075,92,1,1,1,62
39,89.50423185620434,67,3,0,1,64
32,98.39868827199116,64,3,1,0,67
33,83.49587322750196,100,3,0,0,71
35,74.53743896293922,74,0,1,1,57
30,74.71369250691357,75,0,1,0,53
20,51.109237101515085,92,3,1,1,51
38,76.75348594668293,70,1,0,0,64
28,90.03748857430605,78,2,1,0,67
12,78.87431354530628,79,2,0,0,51
21,95.86978065427658,58,1,1,1,66
17,61.78458730324999,87,3,0,1,57
31,91.9053481589148,88,2,1,0,68
32,80.74751315763272,76,0,1,0,52
22,66.96356229480955,73,2,0,0,61
14,77.44609899444886,81,3,0,0,57
31,68.7217684860211,78,1,0,1,53
11,62.05424161648159,63,0,0,0,52
39,89.50423185620434,67,3,0,1,64
35,66.5174240640457,74,2,1,0,59
29,68.96528491927744,72,1,0,1,50
22,66.50497566550777,64,3,0,0,50
19,81.68792818600886,56,2,0,0,50
37,86.04065481552533,64,0,0,0,61
36,97.22048627886367,93,2,1,1,65
34,78.28883099832802,87,0,1,1,65
17,76.72279456286235,73,3,1,0,50
27,84.52801162228204,61,2,0,0,52
26,95.93752611303732,75,2,0,0,61
27,78.27541736614869,86,3,0,1,59
14,76.72117518662616,50,3,1,1,50
31,53.311798892593295,98,1,0,0,67
14,70.72522921018138,53,0,1,0,50
30,56.61381055626652,64,0,0,0,52
35,76.5928739844087,67,1,0,0,62
19,67.46934995246664,54,3,0,0,50
15,84.82507331135395,79,3,0,1,57
34,98.7273632599435,94,1,0,1,66
21,65.80982911482474,92,1,1,0,65
37,92.32039246572786,61,2,0,0,61
32,52.5797903329355,81,2,0,0,50
13,94.37302412567516,69,3,0,1,62
33,99.26836561208674,90,0,1,1,64
35,54.42041116828233,98,1,0,1,59
30,55.24345832662405,98,1,0,0,62
32,69.64947244894296,58,3,1,0,57
13,79.92213506026135,79,1,0,0,52
16,79.95146823886633,71,1,0,1,55
38,98.10493928820588,60,2,1,0,64
31,67.57700805671094,96,3,0,1,62
22,66.96356229480955,73,2,0,0,61
12,77.86526844450239,77,1,1,0,50
23,80.39471968971293,60,3,0,1,50
19,72.85001096408392,79,2,0,0,53
28,76.98905309573165,81,1,1,1,65
25,54.39340556213284,52,1,1,1,50
24,54.46021643560281,96,1,0,0,51
28,76.98905309573165,81,1,1,1,65
26,93.9110333739596,94,0,0,0,65
38,78.98249672358692,96,2,0,0,71
37,58.10069389457923,90,0,0,1,58
33,86.20516646365692,68,1,1,0,51
38,78.98249672358692,96,2,0,0,71
17,82.4411420145788,98,3,0,1,62
20,64.97979558832385,65,1,1,0,50
30,55.24345832662405,98,1,0,0,62
12,86.79523065980013,71,2,1,1,57
37,79.86390411277154,73,3,0,1,70
10,67.25960724406377,96,2,0,1,64
24,86.3060422035924,91,0,1,1,65
35,60.36138245040282,93,1,0,0,63
29,66.07913823400145,98,2,0,1,60
38,65.38886198855246,93,3,0,0,67
16,95.15755293383133,65,1,1,0,55
39,79.64814526294109,50,2,1,0,55
14,61.36754915149935,85,0,1,1,50
19,62.57212197558992,73,0,0,0,50
29,92.53637300082272,55,3,0,0,61
38,61.79530172975406,60,0,0,0,54
26,85.80895373664761,78,1,1,1,58
15,77.8360792391683,95,2,0,1,61
23,85.7029599894914,98,1,0,0,60
35,98.77706578413782,66,2,0,1,71
38,76.75348594668293,70,1,0,0,64
10,86.87026030469096,52,1,1,0,50
21,71.33944526683747,55,0,1,0,50
20,75.76180274321055,94,1,0,0,56
24,86.3060422035924,91,0,1,1,65
39,54.6145293114373,73,0,0,1,60
38,91.82824066461664,64,3,1,1,61
21,51.590234074258255,74,1,1,1,50
26,70.44775885427467,83,0,1,0,57
12,90.37151259083804,63,0,1,0,53
17,53.330955619540845,85,0,0,1,50
18,93.93145576867192,81,1,0,1,57
29,81.83221608111413,51,2,0,1,52
31,84.56109288048272,71,2,1,1,56
18,63.18419013173082,90,2,1,1,57
13,68.94107827784579,68,2,0,0,50
38,81.20507720909188,59,3,1,0,60
24,89.38949443572463,95,0,1,1,61
17,91.25536657113298,67,2,0,0,59
35,90.2522333759681,82,0,1,1,68
24,69.8659057728799,69,2,0,0,54
11,84.68588037016693,88,1,0,1,67
35,95.5312001770152,66,0,1,0,65
19,74.0543974193793,61,0,1,0,51
33,56.94123867210102,89,1,1,0,59
21,95.86978065427658,58,1,1,1,66
35,66.71814056552411,65,2,0,1,58
21,84.94229265804522,90,2,1,1,63
16,64.70223396104858,84,0,0,0,50
23,84.84807311832108,74,3,0,1,68
30,99.88463079619216,98,2,1,0,74
12,84.5857198584456,80,0,0,1,60
30,95.63747314395644,78,0,1,0,61
39,61.66082057749006,98,1,1,0,63
38,76.75348594668293,70,1,0,0,64
15,77.8360792391683,95,2,0,1,61
38,91.82824066461664,64,3,1,1,61
11,94.98337226460863,91,0,0,0,57
32,55.83480320708407,89,1,0,0,59
31,79.41318784849655,67,1,0,1,65
28,90.26574836789526,74,3,0,1,64
31,87.85406010212279,88,2,1,0,65
37,79.86390411277154,73,3,0,1,70
31,76.49200115905583,55,2,1,0,50
31,87.85406010212279,88,2,1,0,65
37,92.32039246572786,61,2,0,0,61
19,71.57640715682213,62,1,0,1,52
27,92.07648301550216,99,1,0,0,65
31,66.8723416935959,81,3,1,0,59
14,80.19789360362563,56,3,0,0,52
30,72.98407563805655,65,0,0,0,54
20,59.2231435709428,96,1,0,1,64
18,63.433624101265366,86,0,0,0,50
31,77.58612976296699,99,2,1,0,66
10,81.65490316787238,62,3,0,1,50
34,74.00229835092375,71,3,0,0,54
26,52.58177389372564,58,2,1,1,50
34,87.91962069728407,74,2,1,0,58
14,61.26663988562641,63,0,1,0,50
21,91.8745394501246,96,2,1,1,65
34,88.5623334259869,96,1,1,1,72
39,81.86157898947434,95,3,0,1,61
31,78.66471890897003,71,1,0,0,55
33,71.02678893325375,74,0,1,0,58
35,60.36138245040282,93,1,0,0,63
27,77.79032907185898,67,1,0,1,58
39,86.52745684046508,61,1,0,1,53
37,86.04065481552533,64,0,0,0,61
15,79.37268021170371,83,0,1,0,61
19,59.00336361746493,50,1,1,1,50
14,94.87152049094422,74,2,1,1,63
16,91.56857450312506,72,1,0,1,52
11,76.76677820077617,72,3,0,1,57
22,70.12750217984903,66,2,1,0,50
34,78.28883099832802,87,0,1,1,65
21,95.52356392016364,62,2,0,0,50
14,87.66231103737255,57,3,1,0,55
38,68.15296060975453,79,0,0,1,60
12,74.3178740997804,81,3,1,1,50
11,84.68588037016693,88,1,0,1,67
35,66.03210960797571,62,3,0,0,50
15,91.85394953515149,93,1,0,1,67
30,91.04307365766763,60,0,0,0,50
14,57.733607044161815,57,3,0,1,52
15,76.32892333296469,66,3,0,1,50
21,71.85966981786217,98,0,1,0,62
35,98.77706578413782,66,2,0,1,71
23,85.7029599894914,98,1,0,0,60
33,95.77568386459568,89,2,1,0,69
17,63.49556111960975,80,3,1,0,53
26,55.11063321125998,71,0,1,0,50
12,84.38923585480416,61,1,1,1,50
21,84.94229265804522,90,2,1,1,63
32,67.7681225909198,88,1,0,0,56
35,73.0059579491786,74,3,0,1,60
17,97.46533985288828,55,1,0,0,50
39,54.6145293114373,73,0,0,1,60
10,52.34482338956099,52,3,0,0,50
27,71.93723376941695,92,0,1,1,59
17,98.94657178079804,57,1,1,0,50
29,68.86429826210363,92,0,0,0,64
35,61.00486070405485,60,1,1,0,50
13,84.22857739399166,100,2,1,1,65
37,67.38096072413418,86,0,1,0,65
35,78.65754246286943,76,3,1,1,60
22,66.96356229480955,73,2,0,0,61
32,75.58285067736307,86,2,1,1,63
35,87.08434721143328,73,2,0,1,60
13,95.53430991278566,56,1,0,1,60
39,51.523607636679706,92,2,0,0,64
14,72.94944940085065,93,3,0,0,54
32,93.0316008945367,78,1,1,1,77
32,85.54762394183741,97,1,0,1,64
21,59.21854603394816,99,0,1,1,60
33,87.2987262774359,73,2,0,1,72
32,98.39868827199116,64,3,1,0,67
38,65.38886198855246,93,3,0,0,67
39,76.82953229936663,62,2,1,1,68
35,90.2522333759681,82,0,1,1,68
25,82.5683605494123,63,0,1,1,54
32,93.36074905373616,83,2,0,0,66
12,70.21907507745121,51,2,1,0,50
37,97.76181563617396,57,0,0,0,59
26,68.88629737200847,87,1,1,1,65
20,88.92859695253756,89,3,0,1,61
10,77.74078042711128,84,1,0,1,56
27,53.17559147950007,57,2,1,0,50
23,72.54552237080522,62,1,1,0,50
32,75.58285067736307,86,2,1,1,63
29,53.79667051848111,53,1,0,1,50
31,68.26784098370288,86,0,1,1,63
28,90.03748857430605,78,2,1,0,67
34,58.27566587139869,51,0,0,0,54
25,50.13554497071648,83,0,1,1,50
27,88.26781405331204,64,3,1,1,67
28,96.20208795537168,83,0,0,1,67
31,67.14634321391301,58,0,0,0,50
37,90.29324433705716,52,3,1,0,56
39,99.86277673841973,83,2,0,0,64
34,80.8631856048646,94,3,0,1,65
39,99.86277673841973,83,2,0,0,64
22,53.44607696836094,61,3,0,1,50
28,87.21248259216443,75,1,0,0,65
38,68.15296060975453,79,0,0,1,60
39,54.6145293114373,73,0,0,1,60
36,95.92273624696506,88,0,1,0,64
26,64.3964808237863,53,0,0,1,50
21,72.59743006495196,80,2,1,0,58
38,68.15296060975453,79,0,0,1,60
38,94.98236985725062,84,3,1,0,71
35,59.97534636691599,75,0,0,0,59
31,67.57700805671094,96,3,0,1,62
38,81.20507720909188,59,3,1,0,60
27,99.0288400089994,85,0,1,1,64
28,50.37671815670374,53,3,0,0,50
30,87.73176459300583,84,3,0,1,69
30,55.71336500278439,78,2,1,0,50
38,99.43643909777214,79,2,1,1,68
32,80.37776111467863,87,0,0,0,69
28,70.26240440138443,99,3,0,1,62
38,68.83694849689704,64,0,1,0,50
38,82.25270838846647,95,1,0,0,76
24,84.88209357467318,81,1,0,1,67
25,73.81053483945071,75,3,0,0,50
37,93.05340099873608,81,1,0,1,61
35,92.22203363168144,95,2,0,1,64
23,54.3943812270072,90,3,1,1,53
35,98.75335814725712,89,1,1,0,71
22,84.14910317085662,100,0,1,1,63
35,56.65584642937391,100,3,0,0,57
34,74.69907435654314,94,1,0,1,53
31,67.07816052282725,59,1,0,0,50
22,84.14910317085662,100,0,1,1,63
28,76.06503337067846,72,3,0,0,54
13,87.07304555695228,95,1,0,1,58
16,74.77118132019828,62,0,0,0,50
17,57.84888413580968,86,1,0,1,50
37,76.48308393275406,82,0,0,1,63
38,50.262690927919245,52,0,0,1,51
21,71.85966981786217,98,0,1,0,62
10,52.208271885505006,93,2,1,1,52
21,71.85966981786217,98,0,1,0,62
33,87.99777044687929,56,2,1,0,55
30,89.02478537730438,69,2,1,0,56
19,87.95179227694248,100,0,0,0,64
30,55.24345832662405,98,1,0,0,62
13,94.71086314479628,64,2,1,1,50
36,53.866053274439366,85,1,0,1,53
29,66.07913823400145,98,2,0,1,60
21,71.85966981786217,98,0,1,0,62
29,94.83051314870104,61,0,1,0,50
31,87.85406010212279,88,2,1,0,65
26,93.9110333739596,94,0,0,0,65
26,70.63967753033762,56,3,0,1,55
17,53.41248526770458,91,0,1,0,50
19,57.05409243888568,69,2,0,0,50
25,95.02861506181928,65,2,1,1,50
13,85.70320411118071,73,0,1,0,53
13,84.22857739399166,100,2,1,1,65
18,51.71140554102646,67,2,1,0,50
19,87.95179227694248,100,0,0,0,64
34,88.5623334259869,96,1,1,1,72
33,95.77568386459568,89,2,1,0,69
39,91.92912793513123,87,0,0,0,73
39,60.975526254047935,60,3,0,0,50
39,60.45653955392571,93,0,0,1,59
32,80.37776111467863,87,0,0,0,69
18,75.11441737312651,59,1,1,1,50
28,59.316043974706034,55,2,1,1,50
37,60.25009050266186,77,3,1,0,51
22,82.33324595585816,57,2,0,0,50
28,58.33653799966916,51,1,0,0,50
34,79.75244898502103,93,2,0,0,59
20,89.07572408757075,92,1,1,1,62
25,88.54556885321352,87,0,0,0,61
34,81.04028422110457,93,0,0,0,69
21,56.14053909228669,78,1,1,0,50
36,67.21918660221166,69,2,0,0,57
12,99.54647382286952,89,2,0,0,67
36,97.22048627886367,93,2,1,1,65
10,86.84112376974565,99,3,0,0,57
12,89.59089197348165,53,0,1,1,50
37,93.05340099873608,81,1,0,1,61
15,91.85394953515149,93,1,0,1,67
21,95.86978065427658,58,1,1,1,66
18,74.85059744106245,67,1,0,0,50
35,98.75335814725712,89,1,1,0,71
35,78.19825460094182,54,1,0,1,57
35,73.0059579491786,74,3,0,1,60
34,73.28500611594066,62,2,0,1,55
21,74.91238489244701,96,0,0,0,61
20,91.12919379558367,69,3,0,1,50
10,61.19245329531603,99,0,0,1,53
14,91.3970443588746,94,0,0,1,73
38,81.20507720909188,59,3,1,0,60
21,96.14801158992424,84,1,1,0,65
31,74.90825933229465,89,3,1,0,68
26,95.93752611303732,75,2,0,0,61
15,89.5006779395928,67,0,0,1,52
15,79.37268021170371,83,0,1,0,61
13,88.38897507214193,97,0,0,1,59
29,74.87324469899453,82,3,1,0,60
39,54.6145293114373,73,0,0,1,60
37,88.98793873940154,74,1,1,1,64
29,68.86429826210363,92,0,0,0,64
15,77.8360792391683,95,2,0,1,61
13,95.53430991278566,56,1,0,1,60
24,74.05726970281466,53,3,0,0,50
34,98.7273632599435,94,1,0,1,66
30,99.88463079619216,98,2,1,0,74
31,93.71588024272086,52,1,0,1,55
20,89.07572408757075,92,1,1,1,62
10,79.91430291340774,69,1,1,0,50
13,51.64233351217192,78,3,1,1,50
34,74.3904900404369,83,0,1,0,59
31,79.23830529745769,88,3,0,0,57
22,89.23341319721547,62,3,1,1,50
18,85.24627748444766,60,2,1,1,52
29,92.53637300082272,55,3,0,0,61
18,86.30477930312003,59,0,1,1,51
26,69.5741055100751,80,2,1,1,53
11,84.68588037016693,88,1,0,1,67
16,91.53272532826249,95,3,1,1,64
34,88.5623334259869,96,1,1,1,72
27,55.32893650643372,82,3,1,0,52
22,68.13789473329727,87,3,0,0,54
22,60.90115537470432,61,3,1,1,50
35,73.0059579491786,74,3,0,1,60
15,59.105356941079165,60,1,0,0,50
23,85.7029599894914,98,1,0,0,60
38,86.07982753756386,90,2,1,0,72
23,86.31985163251142,83,1,1,1,55
11,53.775168190194464,76,3,0,1,50
33,99.26836561208674,90,0,1,1,64
35,74.18774709662064,88,3,1,0,69
17,87.84995660861144,83,3,0,0,58
33,83.49587322750196,100,3,0,0,71
37,86.04065481552533,64,0,0,0,61
25,96.68459118799372,58,0,1,1,53
32,56.95580970715309,61,0,1,1,50
13,74.90453767555029,89,0,1,0,50
11,72.96734039730862,88,3,0,0,54
10,70.39922476824223,95,3,0,0,50
35,78.65754246286943,76,3,1,1,60
38,91.82824066461664,64,3,1,1,61
39,51.523607636679706,92,2,0,0,64
33,87.2987262774359,73,2,0,1,72
30,67.25413139111933,67,0,0,0,50
37,79.86390411277154,73,3,0,1,70
28,52.40473219820439,62,3,0,0,50
23,75.75868412034063,52,2,1,1,50
14,78.799920890283,91,3,0,1,61
22,56.13884448313542,73,1,0,0,50
38,91.82824066461664,64,3,1,1,61
22,55.15468730068724,90,2,1,0,51
35,60.27899041878187,83,2,0,0,62
20,59.2231435709428,96,1,0,1,64
38,61.45126954623981,51,2,1,0,50
12,99.54647382286952,89,2,0,0,67
39,67.12621285892718,81,2,0,1,59
27,99.0288400089994,85,0,1,1,64
11,63.73658985129544,84,2,1,1,50
28,55.21234830259048,84,2,1,1,50
35,90.2522333759681,82,0,1,1,68
12,84.5857198584456,80,0,0,1,60
16,67.7995742135993,95,0,1,1,52
35,77.14246553067045,63,2,1,0,57
39,81.66203874554803,97,1,1,1,66
31,90.3425074481293,56,3,1,0,58
11,84.68588037016693,88,1,0,1,67
36,97.22048627886367,93,2,1,1,65
23,85.7029599894914,98,1,0,0,60
14,68.93863129756447,52,1,0,0,50
23,84.84807311832108,74,3,0,1,68
29,75.30519781796735,77,2,0,0,61
34,98.7273632599435,94,1,0,1,66
38,79.41533378975284,94,0,0,0,63
25,50.61015361590223,64,1,1,0,50
10,73.55327263469073,57,3,0,0,50
32,93.0316008945367,78,1,1,1,77
36,55.14907396656578,93,0,1,0,61
10,96.32247117948556,97,3,1,0,56
18,67.70733353965628,75,1,1,1,50
36,95.92273624696506,88,0,1,0,64
30,87.48081160042938,59,2,0,1,50
27,96.64690335499772,65,1,0,0,63
35,76.99213894540966,81,3,0,0,65
35,53.76795301762312,67,2,1,1,50
10,72.71339861095498,89,0,0,1,54
24,92.11570176490908,78,2,0,0,53
17,82.4411420145788,98,3,0,1,62
22,93.41505535177934,88,0,0,0,63
36,55.33496250567181,82,2,0,0,56
12,53.35876999578551,81,1,1,1,50
26,55.71189629601984,82,1,0,1,52
37,89.71447249832312,94,2,1,1,66
21,81.24879935255261,50,1,1,1,55
22,65.57365855663787,63,0,1,0,50
34,51.84109338179957,99,3,1,0,54
36,95.16819063180124,94,2,0,1,64
37,98.65551746350522,63,2,0,1,70
14,90.75272142012284,59,1,1,1,55
17,91.08953184222246,53,1,0,1,53
28,66.19950305533999,58,0,1,1,53
27,87.62015600194113,90,3,0,1,52
19,99.31284979334076,60,1,0,0,60
39,89.50423185620434,67,3,0,1,64
25,88.54556885321352,87,0,0,0,61
31,53.311798892593295,98,1,0,0,67
32,57.38695459531134,78,3,0,1,50
34,80.8631856048646,94,3,0,1,65
21,91.8745394501246,96,2,1,1,65
31,77.58612976296699,99,2,1,0,66
29,75.30519781796735,77,2,0,0,61
29,74.04184890445367,90,2,0,1,62
38,99.43643909777214,79,2,1,1,68
11,73.65831005259462,76,0,1,1,54
16,91.53272532826249,95,3,1,1,64
29,81.23806355216256,57,3,1,1,50
10,92.03549929389656,54,0,0,1,50
25,91.98944297282851,64,1,1,1,57
38,91.82824066461664,64,3,1,1,61
38,76.75348594668293,70,1,0,0,64
36,95.92273624696506,88,0,1,0,64
31,77.58612976296699,99,2,1,0,66
33,76.99303185564183,90,0,1,1,69
18,58.27602551836449,82,0,1,1,50
30,87.4789149988036,56,3,0,1,50
32,75.58285067736307,86,2,1,1,63
22,85.34902306217296,66,0,0,1,50
13,76.75183660224553,73,1,0,0,50
22,53.888267203947855,55,2,0,1,50
30,79.35341120682835,64,2,1,1,50
34,86.01012908161479,51,3,0,0,58
18,81.16662754524954,99,1,0,0,56
10,73.8309742063206,64,0,0,0,50
12,93.17590703064783,66,3,0,0,52
10,67.25960724406377,96,2,0,1,64
23,85.6891227427663,72,3,1,0,55
37,88.98793873940154,74,1,1,1,64
14,94.87152049094422,74,2,1,1,63
31,87.85406010212279,88,2,1,0,65
38,55.14580153720725,97,0,1,1,58
27,88.26781405331204,64,3,1,1,67
12,62.80077659268311,66,0,1,1,50
38,65.38886198855246,93,3,0,0,67
16,51.69395801232975,96,3,1,1,51
28,79.69415487789495,66,1,0,0,50
25,73.69849707152781,84,0,1,1,57
24,70.5830607178764,98,1,1,0,57
38,57.15639927742348,80,2,1,1,54
31,53.311798892593295,98,1,0,0,67
22,73.97910508771251,91,3,0,0,57
27,96.64690335499772,65,1,0,0,63
28,76.5632876986767,53,0,1,0,50
28,52.293063320231646,78,3,1,0,50
38,76.75348594668293,70,1,0,0,64
39,89.50423185620434,67,3,0,1,64
10,91.25663383463989,85,1,1,1,63
37,79.86390411277154,73,3,0,1,70
25,50.26500031988027,64,1,0,0,50
20,88.92859695253756,89,3,0,1,61
19,87.95179227694248,100,0,0,0,64
35,73.41159142206897,52,3,1,0,50
38,65.38886198855246,93,3,0,0,67
32,97.95373972820138,69,1,1,0,58
38,65.38886198855246,93,3,0,0,67
21,84.94229265804522,90,2,1,1,63
34,98.7273632599435,94,1,0,1,66
21,96.14801158992424,84,1,1,0,65
20,88.92859695253756,89,3,0,1,61
39,91.92912793513123,87,0,0,0,73
14,94.87152049094422,74,2,1,1,63
13,94.37302412567516,69,3,0,1,62
34,67.75521516396523,69,0,1,1,52
11,81.94746926671309,94,0,1,0,53
27,79.4977948568818,78,2,1,0,59
27,54.225850384034096,95,0,0,1,56
30,79.20997423570847,84,2,0,1,65
28,64.89797257709752,67,2,1,0,51
16,98.13246592774374,66,2,0,0,51
13,94.37302412567516,69,3,0,1,62
34,81.04028422110457,93,0,0,0,69
21,71.17984312102415,99,0,1,0,59
12,89.97685654597578,91,3,0,0,57
37,82.14627818071267,60,3,0,0,64
26,61.80582665587022,74,0,0,0,50
10,99.96767497829174,55,0,0,0,59
31,67.57700805671094,96,3,0,1,62
39,60.25387800747296,57,2,1,1,50
21,70.42591464679585,68,2,0,0,50
35,68.46152407549481,99,3,1,0,67
21,74.91238489244701,96,0,0,0,61
20,95.3933065231258,54,3,0,1,54
38,78.98249672358692,96,2,0,0,71
27,88.26781405331204,64,3,1,1,67
25,88.54556885321352,87,0,0,0,61
33,95.77568386459568,89,2,1,0,69
29,51.15113023938188,99,1,0,0,50
31,77.58612976296699,99,2,1,0,66
28,90.03748857430605,78,2,1,0,67
11,84.68588037016693,88,1,0,1,67
28,90.26574836789526,74,3,0,1,64
24,57.00092693302245,82,1,1,1,53
38,86.07982753756386,90,2,1,0,72
36,95.92273624696506,88,0,1,0,64
35,76.5928739844087,67,1,0,0,62
38,63.61509273601497,95,2,1,0,58
37,61.36978104385563,100,0,1,0,66
30,84.15919282227406,77,2,1,0,61
22,95.59262044214825,66,3,1,0,50
25,88.54929627677393,83,3,0,0,56
30,95.63747314395644,78,0,1,0,61
26,65.64274282527938,71,0,1,0,52
21,84.94229265804522,90,2,1,1,63
11,84.68588037016693,88,1,0,1,67
25,80.18607658650694,83,0,0,0,67
35,76.5928739844087,67,1,0,0,62
16,75.2753939553017,78,0,0,1,57
35,67.37067041127071,65,2,1,1,56
13,56.75006387106035,58,1,0,1,50
19,99.31284979334076,60,1,0,0,60
12,78.45407345828738,97,2,0,0,53
39,76.82953229936663,62,2,1,1,68
16,65.57221320228206,81,2,0,1,50
19,63.87935863147091,71,3,0,0,50
22,76.38238650723929,74,0,1,0,50
13,84.22857739399166,100,2,1,1,65
14,98.3997033252117,54,2,1,0,55
26,92.02198159902116,61,1,0,0,59
19,86.81235918492442,67,0,0,1,54
35,76.99213894540966,81,3,0,0,65
39,81.66203874554803,97,1,1,1,66
10,68.96142924819003,82,1,0,0,58
38,91.82824066461664,64,3,1,1,61
20,59.2231435709428,96,1,0,1,64
18,89.98910110371347,68,1,0,0,56
25,50.12975121918232,55,2,1,1,50
38,79.32677173303796,66,0,1,1,57
28,90.03748857430605,78,2,1,0,67
10,59.320249339407205,76,1,0,1,50
25,80.18607658650694,83,0,0,0,67
32,85.54762394183741,97,1,0,1,64
25,77.88711329752186,67,0,0,1,50
24,97.90853965019652,62,0,1,1,53
14,85.36150478222223,86,0,1,0,57
21,96.14801158992424,84,1,1,0,65
10,91.45821103532572,100,0,0,0,59
35,53.11706812556207,69,3,1,0,54
33,87.2987262774359,73,2,0,1,72
15,75.62288279409609,100,1,0,1,54
35,68.46152407549481,99,3,1,0,67
37,50.11696953128892,71,3,1,0,55
19,54.5168480288804,64,1,0,0,50
38,92.5408758918073,60,3,1,1,64
21,69.85819162520413,90,2,1,0,50
22,93.34968800057618,76,1,0,0,60
14,84.65876057284623,78,3,1,0,50
35,60.27899041878187,83,2,0,0,62
25,98.38496941035432,75,1,1,0,57
21,96.14801158992424,84,1,1,0,65
22,80.40439247709426,93,1,1,0,55
